community	medium	size	mip	mro
comm_2_900	complete	2	1	0.2857142857142857
comm_2_901	complete	2	2	0.2857142857142857
comm_2_902	complete	2	0	0.8
comm_2_903	complete	2	6	0.21052631578947367
comm_2_904	complete	2	4	0.23076923076923078
comm_2_905	complete	2	2	0.375
comm_2_906	complete	2	4	0.4
comm_2_907	complete	2	1	0.4
comm_2_908	complete	2	0	0.6666666666666666
